{
	"info": {
		"_postman_id": "a04db505-bbbd-4c4a-b64d-92d149782bc7",
		"name": "GS",
		"schema": "https://schema.getpostman.com/json/collection/v2.1.0/collection.json",
		"_exporter_id": "30769724"
	},
	"item": [
		{
			"name": "localhost/drone",
			"request": {
				"method": "GET",
				"header": []
			},
			"response": []
		},
		{
			"name": "localhost/drone/{id}",
			"request": {
				"method": "GET",
				"header": []
			},
			"response": []
		},
		{
			"name": "localhost/drone",
			"request": {
				"method": "POST",
				"header": [],
				"body": {
					"mode": "raw",
					"raw": "{\r\n  \"localizacao\": [\r\n    {\r\n        \"id\":5\r\n    }\r\n  ],\r\n  \"localizacaoAtual\": \"Praia grande\",\r\n  \"modeloDrone\": \"militar\",\r\n  \"sistema\": {\r\n    \"id\":22\r\n  },\r\n  \"status\": \"ativo\"\r\n}",
					"options": {
						"raw": {
							"language": "json"
						}
					}
				},
				"url": {
					"raw": "localhost/drone",
					"host": [
						"localhost"
					],
					"path": [
						"drone"
					]
				}
			},
			"response": []
		},
		{
			"name": "localhost/localizacao",
			"request": {
				"method": "GET",
				"header": []
			},
			"response": []
		},
		{
			"name": "localhost/localizacao/{id}",
			"request": {
				"method": "GET",
				"header": []
			},
			"response": []
		},
		{
			"name": "localhost/localizacao",
			"request": {
				"method": "POST",
				"header": [],
				"body": {
					"mode": "raw",
					"raw": "{\r\n    \"descricao\": \"teste\",\r\n    \"latitude\": \"008083\",\r\n    \"longitude\": \"3898382\"\r\n}",
					"options": {
						"raw": {
							"language": "json"
						}
					}
				},
				"url": {
					"raw": "localhost/localizacao",
					"host": [
						"localhost"
					],
					"path": [
						"localizacao"
					]
				}
			},
			"response": []
		},
		{
			"name": "localhost/sistema",
			"request": {
				"method": "GET",
				"header": []
			},
			"response": []
		},
		{
			"name": "localhost/sistema/{id}",
			"request": {
				"method": "GET",
				"header": []
			},
			"response": []
		},
		{
			"name": "localhost/sistema",
			"request": {
				"method": "POST",
				"header": [],
				"body": {
					"mode": "raw",
					"raw": "{\r\n    \"descricao\": \"TideWatch\",\r\n    \"status\": \"Ativo\",\r\n    \"tipo\": \"Monitoramento\"\r\n}",
					"options": {
						"raw": {
							"language": "json"
						}
					}
				},
				"url": {
					"raw": "localhost/sistema",
					"host": [
						"localhost"
					],
					"path": [
						"sistema"
					]
				}
			},
			"response": []
		},
		{
			"name": "localhost/usuario",
			"request": {
				"method": "GET",
				"header": [],
				"url": {
					"raw": "localhost/usuario",
					"host": [
						"localhost"
					],
					"path": [
						"usuario"
					]
				}
			},
			"response": []
		},
		{
			"name": "localhost/usuario/{id}",
			"request": {
				"method": "GET",
				"header": []
			},
			"response": []
		},
		{
			"name": "localhost/usuario",
			"request": {
				"method": "POST",
				"header": [],
				"body": {
					"mode": "raw",
					"raw": "{\r\n  \"descricao\": \"new\",\r\n  \"nome\": \"Matheus\",\r\n  \"sistema\": {\r\n    \"id\":22\r\n  }\r\n}",
					"options": {
						"raw": {
							"language": "json"
						}
					}
				},
				"url": {
					"raw": "localhost/usuario",
					"host": [
						"localhost"
					],
					"path": [
						"usuario"
					]
				}
			},
			"response": []
		},
		{
			"name": "localhost/embarcacao",
			"request": {
				"method": "GET",
				"header": [],
				"url": {
					"raw": "localhost/embarcacao",
					"host": [
						"localhost"
					],
					"path": [
						"embarcacao"
					]
				}
			},
			"response": []
		},
		{
			"name": "localhost/embarcacao/{id}",
			"request": {
				"method": "GET",
				"header": []
			},
			"response": []
		},
		{
			"name": "localhost/embarcacao",
			"request": {
				"method": "POST",
				"header": [],
				"body": {
					"mode": "raw",
					"raw": "{\r\n  \"residuos\": [\r\n    {\"id\":1}\r\n  ],\r\n  \"localizacao\": [\r\n    {\"id\":1}\r\n  ],\r\n  \"descricao\": \"Barquinho\",\r\n  \"nome\": \"barco\",\r\n  \"status\": \"ativo\",\r\n  \"tipo\": \"autonomo\"\r\n}",
					"options": {
						"raw": {
							"language": "json"
						}
					}
				},
				"url": {
					"raw": "localhost/embarcacao",
					"host": [
						"localhost"
					],
					"path": [
						"embarcacao"
					]
				}
			},
			"response": []
		},
		{
			"name": "localhost/monitoramento",
			"request": {
				"method": "GET",
				"header": []
			},
			"response": []
		},
		{
			"name": "localhost/monitoramento/{id}",
			"request": {
				"method": "GET",
				"header": []
			},
			"response": []
		},
		{
			"name": "localhost/monitoramento",
			"request": {
				"method": "POST",
				"header": [],
				"body": {
					"mode": "raw",
					"raw": "{\r\n  \"descricao\": \"alvo\",\r\n  \"drone\": {\r\n    \"id\":17\r\n  },\r\n  \"status\": \"ativo\"\r\n}",
					"options": {
						"raw": {
							"language": "json"
						}
					}
				},
				"url": {
					"raw": "localhost/monitoramento",
					"host": [
						"localhost"
					],
					"path": [
						"monitoramento"
					]
				}
			},
			"response": []
		},
		{
			"name": "localhost/residuo",
			"request": {
				"method": "GET",
				"header": []
			},
			"response": []
		},
		{
			"name": "localhost/residuo/{id}",
			"request": {
				"method": "GET",
				"header": []
			},
			"response": []
		},
		{
			"name": "localhost/residuo",
			"request": {
				"method": "GET",
				"header": []
			},
			"response": []
		}
	]
}